Question,Flat RAG Answer,GraphRAG Answer
Thương hiệu xe điện Polestar có mối liên hệ tài chính và đối tác như thế nào?,Polestar là một thương hiệu xe điện phổ biến. Tình hình tài chính của nó có phần khó khăn. Không rõ các đối tác hay chủ sở hữu chính của Polestar.,Polestar là một thương hiệu xe điện (EV Brand) thuộc sở hữu của Volvo và hợp tác với đối tác Geely. Tình hình hiệu suất tài chính của hãng đang gặp khó khăn (Struggling).
Mối liên hệ giữa tình hình tài chính của Tesla và vị thế của công ty tại thị trường xe điện Mỹ?,Tesla là hãng xe điện lớn ở Mỹ. Cổ phiếu Tesla biến động nhiều. Không tìm thấy mối liên kết rõ ràng về vị thế của công ty trên thị trường với tình hình tài chính.,Tesla thống trị thị trường xe điện Mỹ (US EV Market). Hiệu suất tài chính của công ty được ghi nhận là biến động (Volatile) với mã cổ phiếu giao dịch là TSLA.
Chính phủ Mỹ (US Government) hỗ trợ và áp đặt những biện pháp nào lên thị trường xe điện?,Chính phủ Mỹ hỗ trợ phát triển xe điện. Có các chính sách thuế quan được áp dụng đối với xe điện Trung Quốc. Không có thông tin đầy đủ về tất cả các biện pháp đồng thời.,"Chính phủ Mỹ thúc đẩy thị trường xe điện Mỹ (US EV Market). Đạo luật Giảm lạm phát (Inflation Reduction Act) hỗ trợ ngành xe điện này. Đồng thời, chính phủ Mỹ áp đặt thuế quan (tariffs) lên các công ty xe điện Trung Quốc."
Công ty xe điện ZEEKR có cấu trúc doanh nghiệp và tình trạng niêm yết cổ phiếu như thế nào?,ZEEKR công bố báo cáo tài chính quý 1 năm 2024. Không có thông tin liên quan đến Geely hay niêm yết NYSE trong các tài liệu trích xuất.,"ZEEKR là một công ty xe điện Trung Quốc, là thương hiệu con (sub-brand) của Geely và đã được niêm yết công khai trên sàn chứng khoán New York (NYSE)."
Có mối liên hệ cạnh tranh nào giữa Tesla và BYD được ghi nhận không?,"Tesla là công ty Mỹ, còn BYD là công ty Trung Quốc. Ngữ cảnh không chỉ rõ mối quan hệ cạnh tranh trực tiếp giữa hai bên.","Tesla và BYD là hai đối thủ cạnh tranh trực tiếp (RIVAL_OF) trong thị trường xe điện toàn cầu. BYD thống trị thị trường Trung Quốc và đang mở rộng ra toàn cầu, trực tiếp đối đầu với vị thế của Tesla."
Công ty xe điện Lucid được tài trợ bởi tổ chức nào và mã cổ phiếu của họ là gì?,Lucid là công ty xe điện Mỹ. Cổ phiếu Lucid được nhắc đến trong các báo cáo tài chính. Không tìm thấy thông tin về nhà đầu tư chính của họ.,"Lucid là một công ty xe điện của Mỹ (US EV Startup), được tài trợ và đầu tư bởi Quỹ đầu tư công Ả Rập Xê Út (Saudi Arabia PIF), và giao dịch với mã cổ phiếu LCID."
Mô hình xe điện nào được phát triển bởi Tesla và thị trường mà Tesla thống trị là gì?,Tesla phát triển xe điện tại thị trường Mỹ. Không có chi tiết về tên mô hình cụ thể được liên kết với thị trường thống trị trong cùng một đoạn tài liệu.,Tesla phát triển các dòng xe điện như Model 3/Y (DEVELOPED) và công ty này đồng thời thống trị (DOMINATES) thị trường xe điện Mỹ (US EV Market).
Công ty xe điện Rivian có đối tác chiến lược nào và mã cổ phiếu tương ứng là gì?,Rivian có mã cổ phiếu là RIVN. Không tìm thấy thông tin về đối tác Amazon của họ trong các đoạn văn bản được xếp hạng cao.,"Rivian là công ty xe điện của Mỹ (US EV Startup) có mã cổ phiếu RIVN, và là đối tác chiến lược của Amazon (Rivian cung cấp xe giao hàng điện cho Amazon)."
Đạo luật Giảm lạm phát (Inflation Reduction Act) có vai trò gì đối với thị trường xe điện Mỹ?,Đạo luật Giảm lạm phát (IRA) hỗ trợ thị trường Mỹ. Không rõ liên kết cụ thể của nó đến việc phát triển xe điện nội địa trong chuỗi cung ứng.,Đạo luật Giảm lạm phát (Inflation Reduction Act) trực tiếp hỗ trợ (SUPPORTS) ngành công nghiệp xe điện Mỹ (US EV Industry) vốn được thúc đẩy bởi Chính phủ Mỹ.
Các công ty xe điện Trung Quốc (Chinese EV Company) phải đối mặt với những biện pháp hạn chế nào từ phía Chính phủ Mỹ?,Mỹ áp thuế lên xe điện Trung Quốc. Không có thông tin tổng hợp về tác động lên các công ty xe điện Trung Quốc cụ thể trong các tài liệu rời rạc.,Các công ty xe điện Trung Quốc (Chinese EV Company) phải đối mặt với các biện pháp hạn chế như việc Chính phủ Mỹ áp đặt thuế quan (IMPOSES_TARIFFS_ON) để bảo vệ thị trường nội địa.
Cơ sở hạ tầng sạc xe điện (EV Charging Infrastructure) giúp kích hoạt xu hướng nào và ai tiêu chuẩn hóa nó?,Cơ sở hạ tầng sạc giúp tăng cường số lượng xe điện. Không tìm thấy thông tin về việc Tesla tiêu chuẩn hóa hệ thống này.,"Cơ sở hạ tầng sạc xe điện (EV Charging Infrastructure) giúp kích hoạt và hỗ trợ (ENABLES) quá trình chuyển đổi xe điện (EV Adoption), và được tiêu chuẩn hóa bởi Tesla Supercharger (chuẩn NACS)."
Tình hình tâm lý nhà đầu tư (Investor Sentiment) đối với thị trường xe điện được ghi nhận là gì?,Tâm lý nhà đầu tư đối với ngành xe điện được đề cập trong nhiều báo cáo. Nhìn chung thông tin không thống nhất và rời rạc.,Tâm lý nhà đầu tư (Investor Sentiment) đối với thị trường xe điện được ghi nhận là thận trọng và lo ngại (Cautious/Concerned) do tình trạng biến động và cạnh tranh gia tăng.
Mối liên hệ giữa Geely và các thương hiệu Polestar hay ZEEKR là gì?,Geely là công ty ô tô của Trung Quốc. Polestar và ZEEKR cũng là các thương hiệu xe điện. Không rõ quan hệ sở hữu giữa các bên.,"Geely đóng vai trò là công ty mẹ/đối tác chiến lược: Geely hợp tác với Polestar (Volvo sở hữu Polestar, Geely sở hữu Volvo) và Geely là công ty mẹ của thương hiệu ZEEKR (ZEEKR SUB_BRAND_OF Geely)."
Ai là chủ sở hữu của Polestar và đối tác sản xuất của họ là ai?,Volvo sở hữu một số thương hiệu xe điện lớn. Không có thông tin cụ thể về Polestar trong ngữ cảnh được trích xuất.,"Volvo sở hữu thương hiệu xe điện Polestar (Polestar OWNED_BY Volvo), và Polestar cũng hợp tác công nghệ với tập đoàn Geely."
Tình hình tài chính của Rivian có đặc điểm gì nổi bật và đối tác của họ là ai?,Rivian báo cáo tài chính lỗ. Không tìm thấy thông tin về đối tác giao hàng của hãng trong các tài liệu này.,"Rivian là công ty xe điện chưa có lãi (Unprofitable) tại Mỹ, có đối tác chiến lược là Amazon (PARTNERS_WITH) để cung cấp xe van điện giao hàng."
"Mã cổ phiếu của Tesla, Rivian và Lucid là gì?","Cổ phiếu xe điện bao gồm Tesla, Rivian, Lucid. Không liệt kê đồng thời mã cổ phiếu của cả 3 hãng trong ngữ cảnh ngắn.","Đồ thị tri thức lưu trữ mã cổ phiếu (HAS_STOCK_TICKER) của các hãng xe điện: Tesla có mã TSLA, Rivian có mã RIVN, và Lucid có mã LCID."
Công ty xe điện nào thống trị thị trường xe điện Trung Quốc và chiến lược mở rộng của họ là gì?,BYD bán nhiều xe điện ở Trung Quốc. Không rõ chiến lược mở rộng toàn cầu của BYD trong tài liệu trích xuất.,BYD thống trị (DOMINATES) thị trường xe điện Trung Quốc và đang tích cực mở rộng thị trường sang khu vực châu Âu và toàn cầu (EXPANDS_INTO Global EV Market).
Chính sách áp thuế của Chính phủ Mỹ nhắm vào những đối tượng nào?,Chính phủ Mỹ áp thuế quan lên hàng nhập khẩu từ Trung Quốc. Không rõ đối tượng bị áp thuế cụ thể trong ngành xe điện.,Chính sách áp thuế của Chính phủ Mỹ (US Government) nhắm trực tiếp vào các công ty xe điện Trung Quốc (Chinese EV Company) nhằm hạn chế sự xâm nhập thị trường.
Tesla Supercharger đóng vai trò gì đối với hạ tầng sạc xe điện?,Tesla Supercharger là hệ thống sạc nhanh của Tesla. Không tìm thấy mối liên hệ với hạ tầng sạc chung trong các tài liệu ngắn.,"Tesla Supercharger đóng vai trò tiêu chuẩn hóa (STANDARDIZES) cơ sở hạ tầng sạc xe điện (EV Charging Infrastructure), từ đó thúc đẩy việc sử dụng xe điện (EV Adoption)."
Tâm lý nhà đầu tư (Investor Sentiment) đang ở trạng thái nào khi thị trường gặp biến động hoặc tăng trưởng chậm?,Nhà đầu tư có tâm lý lo ngại khi thị trường đi xuống. Không có thông tin liên kết trực tiếp trong ngữ cảnh.,Tâm lý nhà đầu tư (Investor Sentiment) chuyển sang trạng thái thận trọng và lo ngại (Cautious/Concerned) khi hiệu suất tài chính của các công ty xe điện (như Tesla hay Rivian) biến động mạnh.
